Liga,Equipo 1,Cuota 1,Equipo 2,Cuota 2,Empate,Casa de Apuestas,Fecha
Liga serie A,Monza,7.13,Udinese,1.5,4.38,Pinnacle,2025-05-11T10:30:00Z
Liga serie A,Monza,6.9,Udinese,1.49,4.3,Nordic Bet,2025-05-11T10:30:00Z
Liga serie A,Monza,6.5,Udinese,1.48,4.4,Winamax (FR),2025-05-11T10:30:00Z
Liga serie A,Monza,6.5,Udinese,1.49,4.4,Winamax (DE),2025-05-11T10:30:00Z
Liga serie A,Monza,7.16,Udinese,1.51,4.63,1xBet,2025-05-11T10:30:00Z
Liga serie A,Monza,7.0,Udinese,1.45,4.4,Tipico,2025-05-11T10:30:00Z
Liga serie A,Monza,6.95,Udinese,1.47,4.5,Marathon Bet,2025-05-11T10:30:00Z
Liga serie A,Monza,6.7,Udinese,1.46,4.45,Parions Sport (FR),2025-05-11T10:30:00Z
Liga serie A,Monza,6.5,Udinese,1.5,4.33,888sport,2025-05-11T10:30:00Z
Liga serie A,Monza,6.0,Udinese,1.44,4.2,William Hill,2025-05-11T10:30:00Z
Liga serie A,Monza,7.0,Udinese,1.5,4.5,Unibet,2025-05-11T10:30:00Z
Liga serie A,Monza,6.75,Udinese,1.5,4.33,Everygame,2025-05-11T10:30:00Z
Liga serie A,Monza,7.8,Udinese,1.53,4.5,Betfair,2025-05-11T10:30:00Z
Liga serie A,Monza,7.55,Udinese,1.48,4.42,BetOnline.ag,2025-05-11T10:30:00Z
Liga serie A,Monza,6.74,Udinese,1.48,4.34,GTbets,2025-05-11T10:30:00Z
Liga serie A,Monza,7.8,Udinese,1.53,4.5,Matchbook,2025-05-11T10:30:00Z
Liga serie A,Monza,6.55,Udinese,1.47,4.38,Betclic,2025-05-11T10:30:00Z
Liga serie A,Monza,6.9,Udinese,1.49,4.25,Betsson,2025-05-11T10:30:00Z
Liga serie A,Monza,7.15,Udinese,1.5,4.48,Coolbet,2025-05-11T10:30:00Z
Liga serie A,Hellas Verona,2.26,Lecce,3.82,3.04,Pinnacle,2025-05-11T13:00:00Z
Liga serie A,Hellas Verona,2.28,Lecce,3.55,3.05,Nordic Bet,2025-05-11T13:00:00Z
Liga serie A,Hellas Verona,2.25,Lecce,3.75,2.9,Winamax (FR),2025-05-11T13:00:00Z
Liga serie A,Hellas Verona,2.25,Lecce,3.8,2.9,Winamax (DE),2025-05-11T13:00:00Z
Liga serie A,Hellas Verona,2.33,Lecce,3.9,3.04,1xBet,2025-05-11T13:00:00Z
Liga serie A,Hellas Verona,2.15,Lecce,3.8,3.0,Tipico,2025-05-11T13:00:00Z
Liga serie A,Hellas Verona,2.26,Lecce,3.78,2.95,Marathon Bet,2025-05-11T13:00:00Z
Liga serie A,Hellas Verona,2.25,Lecce,3.75,2.9,Parions Sport (FR),2025-05-11T13:00:00Z
Liga serie A,Hellas Verona,2.2,Lecce,3.5,3.1,888sport,2025-05-11T13:00:00Z
Liga serie A,Hellas Verona,2.15,Lecce,3.4,3.0,William Hill,2025-05-11T13:00:00Z
Liga serie A,Hellas Verona,2.3,Lecce,3.85,3.0,Unibet,2025-05-11T13:00:00Z
Liga serie A,Hellas Verona,2.34,Lecce,3.85,3.15,Betfair,2025-05-11T13:00:00Z
Liga serie A,Hellas Verona,2.2,Lecce,3.75,3.0,Everygame,2025-05-11T13:00:00Z
Liga serie A,Hellas Verona,2.25,Lecce,3.77,3.07,BetOnline.ag,2025-05-11T13:00:00Z
Liga serie A,Hellas Verona,2.19,Lecce,3.78,3.05,GTbets,2025-05-11T13:00:00Z
Liga serie A,Hellas Verona,2.34,Lecce,3.85,3.15,Matchbook,2025-05-11T13:00:00Z
Liga serie A,Hellas Verona,2.28,Lecce,3.55,3.05,Betsson,2025-05-11T13:00:00Z
Liga serie A,Hellas Verona,2.27,Lecce,3.75,3.1,Coolbet,2025-05-11T13:00:00Z
Liga serie A,Hellas Verona,2.18,Lecce,3.65,2.87,Betclic,2025-05-11T13:00:00Z
Liga serie A,Inter Milan,1.7,Torino,5.28,3.83,Pinnacle,2025-05-11T16:00:00Z
Liga serie A,Inter Milan,1.7,Torino,4.9,3.95,Nordic Bet,2025-05-11T16:00:00Z
Liga serie A,Inter Milan,1.68,Torino,5.0,3.8,Winamax (FR),2025-05-11T16:00:00Z
Liga serie A,Inter Milan,1.7,Torino,5.1,3.85,Winamax (DE),2025-05-11T16:00:00Z
Liga serie A,Inter Milan,1.73,Torino,5.35,4.0,1xBet,2025-05-11T16:00:00Z
Liga serie A,Inter Milan,1.67,Torino,5.2,3.7,Tipico,2025-05-11T16:00:00Z
Liga serie A,Inter Milan,1.68,Torino,5.2,3.88,Marathon Bet,2025-05-11T16:00:00Z
Liga serie A,Inter Milan,1.65,Torino,5.1,3.85,Parions Sport (FR),2025-05-11T16:00:00Z
Liga serie A,Inter Milan,1.73,Torino,4.8,3.75,888sport,2025-05-11T16:00:00Z
Liga serie A,Inter Milan,1.7,Torino,4.6,3.6,William Hill,2025-05-11T16:00:00Z
Liga serie A,Inter Milan,1.67,Torino,5.4,4.0,Unibet,2025-05-11T16:00:00Z
Liga serie A,Inter Milan,1.77,Torino,5.5,3.85,Betfair,2025-05-11T16:00:00Z
Liga serie A,Inter Milan,1.67,Torino,5.0,3.75,Everygame,2025-05-11T16:00:00Z
Liga serie A,Inter Milan,1.67,Torino,5.55,3.92,BetOnline.ag,2025-05-11T16:00:00Z
Liga serie A,Inter Milan,1.77,Torino,5.6,3.85,Matchbook,2025-05-11T16:00:00Z
Liga serie A,Inter Milan,1.69,Torino,5.09,3.88,GTbets,2025-05-11T16:00:00Z
Liga serie A,Inter Milan,1.7,Torino,5.5,3.85,Coolbet,2025-05-11T16:00:00Z
Liga serie A,Inter Milan,1.7,Torino,4.85,3.9,Betsson,2025-05-11T16:00:00Z
Liga serie A,Inter Milan,1.64,Torino,5.15,3.92,Betclic,2025-05-11T16:00:00Z
Liga serie A,Genoa,12.7,Napoli,1.28,5.53,Pinnacle,2025-05-11T18:45:00Z
Liga serie A,Genoa,13.0,Napoli,1.27,5.45,Nordic Bet,2025-05-11T18:45:00Z
Liga serie A,Genoa,11.5,Napoli,1.28,5.4,Winamax (FR),2025-05-11T18:45:00Z
Liga serie A,Genoa,11.5,Napoli,1.28,5.5,Winamax (DE),2025-05-11T18:45:00Z
Liga serie A,Genoa,13.4,Napoli,1.31,5.66,1xBet,2025-05-11T18:45:00Z
Liga serie A,Genoa,11.0,Napoli,1.27,5.5,Tipico,2025-05-11T18:45:00Z
Liga serie A,Genoa,12.75,Napoli,1.28,5.35,Marathon Bet,2025-05-11T18:45:00Z
Liga serie A,Genoa,11.5,Napoli,1.27,5.4,Parions Sport (FR),2025-05-11T18:45:00Z
Liga serie A,Genoa,12.0,Napoli,1.29,5.0,888sport,2025-05-11T18:45:00Z
Liga serie A,Genoa,11.0,Napoli,1.25,5.0,William Hill,2025-05-11T18:45:00Z
Liga serie A,Genoa,13.0,Napoli,1.28,5.8,Unibet,2025-05-11T18:45:00Z
Liga serie A,Genoa,12.0,Napoli,1.28,5.25,Everygame,2025-05-11T18:45:00Z
Liga serie A,Genoa,13.5,Napoli,1.32,5.7,Betfair,2025-05-11T18:45:00Z
Liga serie A,Genoa,11.57,Napoli,1.31,5.36,GTbets,2025-05-11T18:45:00Z
Liga serie A,Genoa,13.5,Napoli,1.33,5.7,Matchbook,2025-05-11T18:45:00Z
Liga serie A,Genoa,13.1,Napoli,1.3,5.4,Coolbet,2025-05-11T18:45:00Z
Liga serie A,Genoa,12.5,Napoli,1.27,5.4,Betsson,2025-05-11T18:45:00Z
Liga serie A,Genoa,12.85,Napoli,1.29,5.45,BetOnline.ag,2025-05-11T18:45:00Z
Liga serie A,Genoa,11.5,Napoli,1.27,5.4,Betclic,2025-05-11T18:45:00Z
Liga serie A,Fiorentina,2.5,Venezia,2.95,3.2,Winamax (DE),2025-05-12T16:30:00Z
Liga serie A,Fiorentina,2.5,Venezia,2.9,3.2,Winamax (FR),2025-05-12T16:30:00Z
Liga serie A,Fiorentina,2.4,Venezia,2.95,3.2,Parions Sport (FR),2025-05-12T16:30:00Z
Liga serie A,Fiorentina,2.45,Venezia,2.88,3.0,William Hill,2025-05-12T16:30:00Z
Liga serie A,Fiorentina,2.52,Venezia,2.88,3.3,Nordic Bet,2025-05-12T16:30:00Z
Liga serie A,Fiorentina,2.55,Venezia,2.9,3.1,Tipico,2025-05-12T16:30:00Z
Liga serie A,Fiorentina,2.5,Venezia,3.1,3.25,Unibet,2025-05-12T16:30:00Z
Liga serie A,Fiorentina,2.54,Venezia,2.95,3.2,Marathon Bet,2025-05-12T16:30:00Z
Liga serie A,Fiorentina,2.68,Venezia,3.0,3.3,Betfair,2025-05-12T16:30:00Z
Liga serie A,Fiorentina,2.62,Venezia,3.04,3.29,1xBet,2025-05-12T16:30:00Z
Liga serie A,Fiorentina,2.5,Venezia,2.9,3.2,Everygame,2025-05-12T16:30:00Z
Liga serie A,Fiorentina,2.48,Venezia,3.05,3.19,BetOnline.ag,2025-05-12T16:30:00Z
Liga serie A,Fiorentina,2.58,Venezia,2.93,3.29,Pinnacle,2025-05-12T16:30:00Z
Liga serie A,Fiorentina,2.52,Venezia,2.88,3.25,Betsson,2025-05-12T16:30:00Z
Liga serie A,Fiorentina,2.68,Venezia,3.0,3.3,Matchbook,2025-05-12T16:30:00Z
Liga serie A,Fiorentina,2.52,Venezia,2.97,3.23,GTbets,2025-05-12T16:30:00Z
Liga serie A,Fiorentina,2.5,Venezia,2.9,3.1,888sport,2025-05-12T16:30:00Z
Liga serie A,Fiorentina,2.5,Venezia,3.1,3.25,Coolbet,2025-05-12T16:30:00Z
Liga serie A,Fiorentina,2.48,Venezia,3.05,3.19,BetAnySports,2025-05-12T16:30:00Z
Liga serie A,Fiorentina,2.44,Venezia,2.9,3.17,Betclic,2025-05-12T16:30:00Z
Liga serie A,AS Roma,3.8,Atalanta BC,1.98,3.6,Winamax (DE),2025-05-12T18:45:00Z
Liga serie A,AS Roma,3.75,Atalanta BC,1.96,3.55,Winamax (FR),2025-05-12T18:45:00Z
Liga serie A,AS Roma,3.65,Atalanta BC,1.94,3.55,Parions Sport (FR),2025-05-12T18:45:00Z
Liga serie A,AS Roma,3.6,Atalanta BC,1.95,3.3,William Hill,2025-05-12T18:45:00Z
Liga serie A,AS Roma,3.6,Atalanta BC,1.97,3.6,Tipico,2025-05-12T18:45:00Z
Liga serie A,AS Roma,3.8,Atalanta BC,2.02,3.65,Unibet,2025-05-12T18:45:00Z
Liga serie A,AS Roma,3.78,Atalanta BC,2.02,3.48,Marathon Bet,2025-05-12T18:45:00Z
Liga serie A,AS Roma,3.7,Atalanta BC,2.05,3.45,Nordic Bet,2025-05-12T18:45:00Z
Liga serie A,AS Roma,3.9,Atalanta BC,2.08,3.58,1xBet,2025-05-12T18:45:00Z
Liga serie A,AS Roma,3.65,Atalanta BC,2.0,3.4,Everygame,2025-05-12T18:45:00Z
Liga serie A,AS Roma,3.85,Atalanta BC,2.12,3.65,Betfair,2025-05-12T18:45:00Z
Liga serie A,AS Roma,3.86,Atalanta BC,2.03,3.53,BetOnline.ag,2025-05-12T18:45:00Z
Liga serie A,AS Roma,3.83,Atalanta BC,2.04,3.52,Pinnacle,2025-05-12T18:45:00Z
Liga serie A,AS Roma,3.7,Atalanta BC,2.02,3.45,Betsson,2025-05-12T18:45:00Z
Liga serie A,AS Roma,3.85,Atalanta BC,2.12,3.65,Matchbook,2025-05-12T18:45:00Z
Liga serie A,AS Roma,3.73,Atalanta BC,2.0,3.58,GTbets,2025-05-12T18:45:00Z
Liga serie A,AS Roma,3.85,Atalanta BC,2.05,3.55,Coolbet,2025-05-12T18:45:00Z
Liga serie A,AS Roma,3.8,Atalanta BC,2.0,3.4,888sport,2025-05-12T18:45:00Z
Liga serie A,AS Roma,3.86,Atalanta BC,2.03,3.53,BetAnySports,2025-05-12T18:45:00Z
Liga serie A,AC Milan,3.86,AS Roma,1.92,3.69,Pinnacle,2025-05-18T13:00:00Z
Liga serie A,AC Milan,3.7,AS Roma,1.98,3.7,Nordic Bet,2025-05-18T13:00:00Z
Liga serie A,AC Milan,3.6,AS Roma,1.83,3.5,Parions Sport (FR),2025-05-18T13:00:00Z
Liga serie A,AC Milan,3.65,AS Roma,1.88,3.55,Winamax (FR),2025-05-18T13:00:00Z
Liga serie A,AC Milan,3.8,AS Roma,1.92,3.65,Winamax (DE),2025-05-18T13:00:00Z
Liga serie A,AC Milan,3.38,AS Roma,2.08,3.7,Marathon Bet,2025-05-18T13:00:00Z
Liga serie A,AC Milan,3.48,AS Roma,2.15,3.81,1xBet,2025-05-18T13:00:00Z
Liga serie A,AC Milan,3.5,AS Roma,1.99,3.75,Betfair,2025-05-18T13:00:00Z
Liga serie A,AC Milan,3.7,AS Roma,1.95,3.7,Betsson,2025-05-18T13:00:00Z
Liga serie A,AC Milan,3.75,AS Roma,1.9,3.6,Everygame,2025-05-18T13:00:00Z
Liga serie A,Atalanta BC,1.62,Genoa,5.42,3.94,Pinnacle,2025-05-18T13:00:00Z
Liga serie A,Atalanta BC,1.65,Genoa,5.45,3.95,Nordic Bet,2025-05-18T13:00:00Z
Liga serie A,Atalanta BC,1.57,Genoa,4.95,3.7,Parions Sport (FR),2025-05-18T13:00:00Z
Liga serie A,Atalanta BC,1.6,Genoa,5.0,3.8,Winamax (FR),2025-05-18T13:00:00Z
Liga serie A,Atalanta BC,1.64,Genoa,5.3,3.95,Winamax (DE),2025-05-18T13:00:00Z
Liga serie A,Atalanta BC,1.64,Genoa,5.35,4.0,Marathon Bet,2025-05-18T13:00:00Z
Liga serie A,Atalanta BC,1.69,Genoa,5.51,4.12,1xBet,2025-05-18T13:00:00Z
Liga serie A,Atalanta BC,1.62,Genoa,5.4,3.95,Betsson,2025-05-18T13:00:00Z
Liga serie A,Atalanta BC,1.6,Genoa,5.25,3.85,Everygame,2025-05-18T13:00:00Z
Liga serie A,Bologna,2.36,Fiorentina,3.1,3.29,Pinnacle,2025-05-18T13:00:00Z
Liga serie A,Bologna,2.38,Fiorentina,3.1,3.3,Nordic Bet,2025-05-18T13:00:00Z
Liga serie A,Bologna,2.25,Fiorentina,2.95,3.1,Parions Sport (FR),2025-05-18T13:00:00Z
Liga serie A,Bologna,2.3,Fiorentina,3.0,3.15,Winamax (FR),2025-05-18T13:00:00Z
Liga serie A,Bologna,2.35,Fiorentina,3.05,3.25,Winamax (DE),2025-05-18T13:00:00Z
Liga serie A,Bologna,2.41,Fiorentina,3.1,3.24,Marathon Bet,2025-05-18T13:00:00Z
Liga serie A,Bologna,2.48,Fiorentina,3.19,3.33,1xBet,2025-05-18T13:00:00Z
Liga serie A,Bologna,1.49,Fiorentina,1.24,1.61,Betfair,2025-05-18T13:00:00Z
Liga serie A,Bologna,2.38,Fiorentina,3.05,3.25,Betsson,2025-05-18T13:00:00Z
Liga serie A,Bologna,2.35,Fiorentina,3.05,3.25,Everygame,2025-05-18T13:00:00Z
Liga serie A,Cagliari,2.52,Venezia,3.13,3.0,Pinnacle,2025-05-18T13:00:00Z
Liga serie A,Cagliari,2.58,Venezia,2.98,3.1,Nordic Bet,2025-05-18T13:00:00Z
Liga serie A,Cagliari,2.4,Venezia,2.95,2.85,Parions Sport (FR),2025-05-18T13:00:00Z
Liga serie A,Cagliari,2.45,Venezia,3.0,2.85,Winamax (FR),2025-05-18T13:00:00Z
Liga serie A,Cagliari,2.5,Venezia,3.1,2.95,Winamax (DE),2025-05-18T13:00:00Z
Liga serie A,Cagliari,2.41,Venezia,3.22,3.12,Marathon Bet,2025-05-18T13:00:00Z
Liga serie A,Cagliari,2.48,Venezia,3.31,3.21,1xBet,2025-05-18T13:00:00Z
Liga serie A,Cagliari,1.64,Venezia,1.2,1.2,Betfair,2025-05-18T13:00:00Z
Liga serie A,Cagliari,2.58,Venezia,2.95,3.05,Betsson,2025-05-18T13:00:00Z
Liga serie A,Cagliari,2.5,Venezia,3.05,2.95,Everygame,2025-05-18T13:00:00Z
Liga serie A,Como,2.13,Hellas Verona,3.53,3.36,Pinnacle,2025-05-18T13:00:00Z
Liga serie A,Como,2.12,Hellas Verona,3.45,3.45,Nordic Bet,2025-05-18T13:00:00Z
Liga serie A,Como,2.0,Hellas Verona,3.3,3.2,Parions Sport (FR),2025-05-18T13:00:00Z
Liga serie A,Como,2.05,Hellas Verona,3.4,3.25,Winamax (FR),2025-05-18T13:00:00Z
Liga serie A,Como,2.1,Hellas Verona,3.5,3.35,Winamax (DE),2025-05-18T13:00:00Z
Liga serie A,Como,2.26,Hellas Verona,3.48,3.5,1xBet,2025-05-18T13:00:00Z
Liga serie A,Como,2.19,Hellas Verona,3.38,3.4,Marathon Bet,2025-05-18T13:00:00Z
Liga serie A,Como,1.05,Hellas Verona,1.07,1.07,Betfair,2025-05-18T13:00:00Z
Liga serie A,Como,2.12,Hellas Verona,3.45,3.45,Betsson,2025-05-18T13:00:00Z
Liga serie A,Como,2.1,Hellas Verona,3.45,3.3,Everygame,2025-05-18T13:00:00Z
Liga serie A,Empoli,1.7,Monza,4.97,3.77,Pinnacle,2025-05-18T13:00:00Z
Liga serie A,Empoli,1.75,Monza,4.95,3.7,Nordic Bet,2025-05-18T13:00:00Z
Liga serie A,Empoli,1.63,Monza,4.7,3.5,Parions Sport (FR),2025-05-18T13:00:00Z
Liga serie A,Empoli,1.66,Monza,4.8,3.55,Winamax (FR),2025-05-18T13:00:00Z
Liga serie A,Empoli,1.7,Monza,5.0,3.7,Winamax (DE),2025-05-18T13:00:00Z
Liga serie A,Empoli,1.73,Monza,5.61,3.85,1xBet,2025-05-18T13:00:00Z
Liga serie A,Empoli,1.68,Monza,5.45,3.74,Marathon Bet,2025-05-18T13:00:00Z
Liga serie A,Empoli,1.75,Monza,1.28,1.2,Betfair,2025-05-18T13:00:00Z
Liga serie A,Empoli,1.72,Monza,4.9,3.7,Betsson,2025-05-18T13:00:00Z
Liga serie A,Empoli,1.67,Monza,5.0,3.65,Everygame,2025-05-18T13:00:00Z
Liga serie A,Inter Milan,1.88,Lazio,3.95,3.73,Pinnacle,2025-05-18T13:00:00Z
Liga serie A,Inter Milan,1.9,Lazio,3.95,3.7,Nordic Bet,2025-05-18T13:00:00Z
Liga serie A,Inter Milan,1.81,Lazio,3.7,3.5,Parions Sport (FR),2025-05-18T13:00:00Z
Liga serie A,Inter Milan,1.84,Lazio,3.8,3.55,Winamax (FR),2025-05-18T13:00:00Z
Liga serie A,Inter Milan,1.9,Lazio,3.9,3.65,Winamax (DE),2025-05-18T13:00:00Z
Liga serie A,Inter Milan,1.8,Lazio,4.33,3.84,Marathon Bet,2025-05-18T13:00:00Z
Liga serie A,Inter Milan,1.86,Lazio,4.46,3.96,1xBet,2025-05-18T13:00:00Z
Liga serie A,Inter Milan,1.9,Lazio,3.95,3.7,Betsson,2025-05-18T13:00:00Z
Liga serie A,Inter Milan,1.64,Lazio,1.25,1.23,Betfair,2025-05-18T13:00:00Z
Liga serie A,Inter Milan,1.85,Lazio,3.85,3.65,Everygame,2025-05-18T13:00:00Z
Liga serie A,Juventus,1.4,Udinese,8.03,4.64,Pinnacle,2025-05-18T13:00:00Z
Liga serie A,Juventus,1.41,Udinese,7.9,4.7,Nordic Bet,2025-05-18T13:00:00Z
Liga serie A,Juventus,1.38,Udinese,7.0,4.15,Parions Sport (FR),2025-05-18T13:00:00Z
Liga serie A,Juventus,1.38,Udinese,7.5,4.3,Winamax (FR),2025-05-18T13:00:00Z
Liga serie A,Juventus,1.41,Udinese,8.0,4.5,Winamax (DE),2025-05-18T13:00:00Z
Liga serie A,Juventus,1.44,Udinese,8.75,4.8,1xBet,2025-05-18T13:00:00Z
Liga serie A,Juventus,1.4,Udinese,8.5,4.65,Marathon Bet,2025-05-18T13:00:00Z
Liga serie A,Juventus,1.41,Udinese,7.8,4.65,Betsson,2025-05-18T13:00:00Z
Liga serie A,Juventus,1.33,Udinese,1.38,1.24,Betfair,2025-05-18T13:00:00Z
Liga serie A,Juventus,1.4,Udinese,7.5,4.5,Everygame,2025-05-18T13:00:00Z
Liga serie A,Lecce,2.09,Torino,4.0,3.11,Pinnacle,2025-05-18T13:00:00Z
Liga serie A,Lecce,2.15,Torino,3.7,3.2,Nordic Bet,2025-05-18T13:00:00Z
Liga serie A,Lecce,1.99,Torino,3.7,2.95,Parions Sport (FR),2025-05-18T13:00:00Z
Liga serie A,Lecce,2.0,Torino,3.8,3.0,Winamax (FR),2025-05-18T13:00:00Z
Liga serie A,Lecce,2.05,Torino,3.9,3.1,Winamax (DE),2025-05-18T13:00:00Z
Liga serie A,Lecce,2.25,Torino,3.77,3.27,1xBet,2025-05-18T13:00:00Z
Liga serie A,Lecce,2.18,Torino,3.66,3.18,Marathon Bet,2025-05-18T13:00:00Z
Liga serie A,Lecce,2.12,Torino,3.7,3.2,Betsson,2025-05-18T13:00:00Z
Liga serie A,Lecce,1.82,Torino,3.1,2.68,Betfair,2025-05-18T13:00:00Z
Liga serie A,Lecce,2.05,Torino,3.9,3.05,Everygame,2025-05-18T13:00:00Z
Liga serie A,Napoli,1.51,Parma,6.32,4.21,Pinnacle,2025-05-18T13:00:00Z
Liga serie A,Napoli,1.52,Parma,6.4,4.3,Nordic Bet,2025-05-18T13:00:00Z
Liga serie A,Napoli,1.46,Parma,5.8,3.95,Parions Sport (FR),2025-05-18T13:00:00Z
Liga serie A,Napoli,1.49,Parma,5.9,4.0,Winamax (FR),2025-05-18T13:00:00Z
Liga serie A,Napoli,1.52,Parma,6.25,4.2,Winamax (DE),2025-05-18T13:00:00Z
Liga serie A,Napoli,1.6,Parma,6.33,4.33,1xBet,2025-05-18T13:00:00Z
Liga serie A,Napoli,1.55,Parma,6.15,4.2,Marathon Bet,2025-05-18T13:00:00Z
Liga serie A,Napoli,1.52,Parma,6.4,4.25,Betsson,2025-05-18T13:00:00Z
Liga serie A,Napoli,1.5,Parma,6.25,4.1,Everygame,2025-05-18T13:00:00Z
Premier League,Chelsea,3.1,Newcastle United,2.2,3.75,Winamax (DE),2025-05-11T11:00:00Z
Premier League,Chelsea,3.05,Newcastle United,2.15,3.7,Winamax (FR),2025-05-11T11:00:00Z
Premier League,Chelsea,3.0,Newcastle United,2.16,3.65,MyBookie.ag,2025-05-11T11:00:00Z
Premier League,Chelsea,3.14,Newcastle United,2.21,3.92,1xBet,2025-05-11T11:00:00Z
Premier League,Chelsea,3.16,Newcastle United,2.23,3.72,Pinnacle,2025-05-11T11:00:00Z
Premier League,Chelsea,3.08,Newcastle United,2.17,3.84,Marathon Bet,2025-05-11T11:00:00Z
Premier League,Chelsea,3.2,Newcastle United,2.1,3.7,Tipico,2025-05-11T11:00:00Z
Premier League,Chelsea,3.35,Newcastle United,2.24,3.85,Betfair,2025-05-11T11:00:00Z
Premier League,Chelsea,3.1,Newcastle United,2.15,3.75,888sport,2025-05-11T11:00:00Z
Premier League,Chelsea,3.0,Newcastle United,2.15,3.6,William Hill,2025-05-11T11:00:00Z
Premier League,Chelsea,3.1,Newcastle United,2.15,3.75,Parions Sport (FR),2025-05-11T11:00:00Z
Premier League,Chelsea,3.05,Newcastle United,2.2,3.65,Nordic Bet,2025-05-11T11:00:00Z
Premier League,Chelsea,3.25,Newcastle United,2.23,3.8,Unibet,2025-05-11T11:00:00Z
Premier League,Chelsea,3.1,Newcastle United,2.15,3.65,Everygame,2025-05-11T11:00:00Z
Premier League,Chelsea,3.35,Newcastle United,2.24,3.85,Matchbook,2025-05-11T11:00:00Z
Premier League,Chelsea,3.17,Newcastle United,2.22,3.7,BetOnline.ag,2025-05-11T11:00:00Z
Premier League,Chelsea,3.11,Newcastle United,2.17,3.76,GTbets,2025-05-11T11:00:00Z
Premier League,Chelsea,3.05,Newcastle United,2.2,3.65,Betsson,2025-05-11T11:00:00Z
Premier League,Chelsea,3.22,Newcastle United,2.23,3.83,Coolbet,2025-05-11T11:00:00Z
Premier League,Chelsea,3.05,Newcastle United,2.16,3.7,Betclic,2025-05-11T11:00:00Z
Premier League,Crystal Palace,2.49,Tottenham Hotspur,2.74,3.75,Pinnacle,2025-05-11T13:15:00Z
Premier League,Crystal Palace,2.5,Tottenham Hotspur,2.7,3.75,Winamax (DE),2025-05-11T13:15:00Z
Premier League,Crystal Palace,2.45,Tottenham Hotspur,2.65,3.7,Winamax (FR),2025-05-11T13:15:00Z
Premier League,Crystal Palace,2.43,Tottenham Hotspur,2.61,3.65,MyBookie.ag,2025-05-11T13:15:00Z
Premier League,Crystal Palace,2.53,Tottenham Hotspur,2.74,3.77,1xBet,2025-05-11T13:15:00Z
Premier League,Crystal Palace,2.48,Tottenham Hotspur,2.69,3.7,Marathon Bet,2025-05-11T13:15:00Z
Premier League,Crystal Palace,2.45,Tottenham Hotspur,2.65,3.6,Tipico,2025-05-11T13:15:00Z
Premier League,Crystal Palace,2.6,Tottenham Hotspur,2.78,3.85,Betfair,2025-05-11T13:15:00Z
Premier League,Crystal Palace,2.5,Tottenham Hotspur,2.7,3.6,888sport,2025-05-11T13:15:00Z
Premier League,Crystal Palace,2.45,Tottenham Hotspur,2.62,3.5,William Hill,2025-05-11T13:15:00Z
Premier League,Crystal Palace,2.4,Tottenham Hotspur,2.7,3.75,Parions Sport (FR),2025-05-11T13:15:00Z
Premier League,Crystal Palace,2.42,Tottenham Hotspur,2.7,3.7,Nordic Bet,2025-05-11T13:15:00Z
Premier League,Crystal Palace,2.55,Tottenham Hotspur,2.75,3.75,Unibet,2025-05-11T13:15:00Z
Premier League,Crystal Palace,2.45,Tottenham Hotspur,2.65,3.65,Everygame,2025-05-11T13:15:00Z
Premier League,Crystal Palace,2.6,Tottenham Hotspur,2.78,3.85,Matchbook,2025-05-11T13:15:00Z
Premier League,Crystal Palace,2.52,Tottenham Hotspur,2.66,3.7,GTbets,2025-05-11T13:15:00Z
Premier League,Crystal Palace,2.42,Tottenham Hotspur,2.7,3.7,Betsson,2025-05-11T13:15:00Z
Premier League,Crystal Palace,2.54,Tottenham Hotspur,2.77,3.75,Coolbet,2025-05-11T13:15:00Z
Premier League,Crystal Palace,2.53,Tottenham Hotspur,2.7,3.7,BetOnline.ag,2025-05-11T13:15:00Z
Premier League,Crystal Palace,2.43,Tottenham Hotspur,2.64,3.7,Betclic,2025-05-11T13:15:00Z
Premier League,Leicester City,8.63,Nottingham Forest,1.36,5.41,Pinnacle,2025-05-11T13:15:00Z
Premier League,Leicester City,8.5,Nottingham Forest,1.35,5.4,Winamax (DE),2025-05-11T13:15:00Z
Premier League,Leicester City,8.0,Nottingham Forest,1.34,5.3,Winamax (FR),2025-05-11T13:15:00Z
Premier League,Leicester City,7.8,Nottingham Forest,1.35,5.0,MyBookie.ag,2025-05-11T13:15:00Z
Premier League,Leicester City,9.05,Nottingham Forest,1.38,5.3,1xBet,2025-05-11T13:15:00Z
Premier League,Leicester City,8.9,Nottingham Forest,1.35,5.2,Marathon Bet,2025-05-11T13:15:00Z
Premier League,Leicester City,9.0,Nottingham Forest,1.3,5.5,Tipico,2025-05-11T13:15:00Z
Premier League,Leicester City,10.0,Nottingham Forest,1.37,5.6,Betfair,2025-05-11T13:15:00Z
Premier League,Leicester City,8.5,Nottingham Forest,1.36,4.8,888sport,2025-05-11T13:15:00Z
Premier League,Leicester City,8.5,Nottingham Forest,1.36,4.8,William Hill,2025-05-11T13:15:00Z
Premier League,Leicester City,8.3,Nottingham Forest,1.34,5.2,Parions Sport (FR),2025-05-11T13:15:00Z
Premier League,Leicester City,8.5,Nottingham Forest,1.34,5.35,Nordic Bet,2025-05-11T13:15:00Z
Premier League,Leicester City,9.0,Nottingham Forest,1.36,5.6,Unibet,2025-05-11T13:15:00Z
Premier League,Leicester City,8.5,Nottingham Forest,1.33,5.25,Everygame,2025-05-11T13:15:00Z
Premier League,Leicester City,10.0,Nottingham Forest,1.37,5.6,Matchbook,2025-05-11T13:15:00Z
Premier League,Leicester City,8.25,Nottingham Forest,1.37,5.14,GTbets,2025-05-11T13:15:00Z
Premier League,Leicester City,8.5,Nottingham Forest,1.34,5.35,Betsson,2025-05-11T13:15:00Z
Premier League,Leicester City,9.85,Nottingham Forest,1.36,5.45,Coolbet,2025-05-11T13:15:00Z
Premier League,Leicester City,8.9,Nottingham Forest,1.35,5.5,BetOnline.ag,2025-05-11T13:15:00Z
Premier League,Leicester City,8.4,Nottingham Forest,1.33,5.3,Betclic,2025-05-11T13:15:00Z
Premier League,Manchester United,1.96,West Ham United,3.65,3.75,Winamax (DE),2025-05-11T13:15:00Z
Premier League,Manchester United,1.96,West Ham United,3.65,3.7,Winamax (FR),2025-05-11T13:15:00Z
Premier League,Manchester United,2.01,West Ham United,3.73,3.85,1xBet,2025-05-11T13:15:00Z
Premier League,Manchester United,1.96,West Ham United,3.55,3.6,MyBookie.ag,2025-05-11T13:15:00Z
Premier League,Manchester United,2.03,West Ham United,3.68,3.72,Pinnacle,2025-05-11T13:15:00Z
Premier League,Manchester United,1.97,West Ham United,3.65,3.8,Marathon Bet,2025-05-11T13:15:00Z
Premier League,Manchester United,1.95,West Ham United,3.7,3.6,Tipico,2025-05-11T13:15:00Z
Premier League,Manchester United,2.1,West Ham United,3.8,3.7,Betfair,2025-05-11T13:15:00Z
Premier League,Manchester United,1.95,West Ham United,3.6,3.7,888sport,2025-05-11T13:15:00Z
Premier League,Manchester United,1.95,West Ham United,3.6,3.6,William Hill,2025-05-11T13:15:00Z
Premier League,Manchester United,1.94,West Ham United,3.65,3.7,Parions Sport (FR),2025-05-11T13:15:00Z
Premier League,Manchester United,2.0,West Ham United,3.5,3.7,Nordic Bet,2025-05-11T13:15:00Z
Premier League,Manchester United,2.04,West Ham United,3.75,3.8,Unibet,2025-05-11T13:15:00Z
Premier League,Manchester United,2.0,West Ham United,3.6,3.65,Everygame,2025-05-11T13:15:00Z
Premier League,Manchester United,2.1,West Ham United,3.85,3.7,Matchbook,2025-05-11T13:15:00Z
Premier League,Manchester United,2.03,West Ham United,3.68,3.71,BetOnline.ag,2025-05-11T13:15:00Z
Premier League,Manchester United,1.92,West Ham United,3.69,3.74,GTbets,2025-05-11T13:15:00Z
Premier League,Manchester United,2.0,West Ham United,3.5,3.7,Betsson,2025-05-11T13:15:00Z
Premier League,Manchester United,1.97,West Ham United,4.0,3.8,Coolbet,2025-05-11T13:15:00Z
Premier League,Manchester United,1.95,West Ham United,3.62,3.7,Betclic,2025-05-11T13:15:00Z
Premier League,Arsenal,3.85,Liverpool,2.03,3.53,Pinnacle,2025-05-11T15:30:00Z
Premier League,Arsenal,3.65,Liverpool,2.0,3.7,Winamax (DE),2025-05-11T15:30:00Z
Premier League,Arsenal,3.55,Liverpool,2.0,3.6,Winamax (FR),2025-05-11T15:30:00Z
Premier League,Arsenal,3.5,Liverpool,1.98,3.55,MyBookie.ag,2025-05-11T15:30:00Z
Premier League,Arsenal,3.82,Liverpool,2.06,3.58,1xBet,2025-05-11T15:30:00Z
Premier League,Arsenal,3.75,Liverpool,2.02,3.52,Marathon Bet,2025-05-11T15:30:00Z
Premier League,Arsenal,3.85,Liverpool,2.08,3.75,Betfair,2025-05-11T15:30:00Z
Premier League,Arsenal,3.7,Liverpool,1.95,3.6,Tipico,2025-05-11T15:30:00Z
Premier League,Arsenal,3.6,Liverpool,2.05,3.4,888sport,2025-05-11T15:30:00Z
Premier League,Arsenal,3.5,Liverpool,2.05,3.4,William Hill,2025-05-11T15:30:00Z
Premier League,Arsenal,3.55,Liverpool,2.0,3.6,Parions Sport (FR),2025-05-11T15:30:00Z
Premier League,Arsenal,3.6,Liverpool,2.02,3.5,Nordic Bet,2025-05-11T15:30:00Z
Premier League,Arsenal,3.85,Liverpool,2.04,3.7,Unibet,2025-05-11T15:30:00Z
Premier League,Arsenal,3.75,Liverpool,2.0,3.45,Everygame,2025-05-11T15:30:00Z
Premier League,Arsenal,3.85,Liverpool,2.1,3.75,Matchbook,2025-05-11T15:30:00Z
Premier League,Arsenal,3.84,Liverpool,2.03,3.55,BetOnline.ag,2025-05-11T15:30:00Z
Premier League,Arsenal,3.73,Liverpool,2.03,3.54,GTbets,2025-05-11T15:30:00Z
Premier League,Arsenal,3.6,Liverpool,2.02,3.5,Betsson,2025-05-11T15:30:00Z
Premier League,Arsenal,3.7,Liverpool,2.08,3.72,Coolbet,2025-05-11T15:30:00Z
Premier League,Arsenal,3.58,Liverpool,1.98,3.62,Betclic,2025-05-11T15:30:00Z
Premier League,Aston Villa,1.4,Tottenham Hotspur,6.37,5.42,Pinnacle,2025-05-16T18:30:00Z
Premier League,Aston Villa,1.37,Tottenham Hotspur,6.1,5.1,Parions Sport (FR),2025-05-16T18:30:00Z
Premier League,Aston Villa,1.38,Tottenham Hotspur,6.5,5.6,Winamax (DE),2025-05-16T18:30:00Z
Premier League,Aston Villa,1.35,Tottenham Hotspur,6.25,5.3,Winamax (FR),2025-05-16T18:30:00Z
Premier League,Aston Villa,1.41,Tottenham Hotspur,5.9,5.0,MyBookie.ag,2025-05-16T18:30:00Z
Premier League,Aston Villa,1.42,Tottenham Hotspur,6.4,5.4,Betfair,2025-05-16T18:30:00Z
Premier League,Aston Villa,1.44,Tottenham Hotspur,6.5,5.5,Unibet,2025-05-16T18:30:00Z
Premier League,Aston Villa,1.44,Tottenham Hotspur,6.62,5.6,1xBet,2025-05-16T18:30:00Z
Premier League,Aston Villa,1.41,Tottenham Hotspur,6.5,5.5,Marathon Bet,2025-05-16T18:30:00Z
Premier League,Aston Villa,1.39,Tottenham Hotspur,6.8,5.45,Betsson,2025-05-16T18:30:00Z
Premier League,Aston Villa,1.39,Tottenham Hotspur,6.8,5.45,Nordic Bet,2025-05-16T18:30:00Z
Premier League,Aston Villa,1.4,Tottenham Hotspur,6.0,5.0,888sport,2025-05-16T18:30:00Z
Premier League,Aston Villa,1.4,Tottenham Hotspur,6.0,5.0,William Hill,2025-05-16T18:30:00Z
Premier League,Aston Villa,1.44,Tottenham Hotspur,6.4,5.4,Matchbook,2025-05-16T18:30:00Z
Premier League,Aston Villa,1.4,Tottenham Hotspur,6.25,5.25,Everygame,2025-05-16T18:30:00Z
Premier League,Chelsea,1.34,Manchester United,7.85,5.4,Pinnacle,2025-05-16T19:00:00Z
Premier League,Chelsea,1.33,Manchester United,9.0,5.5,Marathon Bet,2025-05-16T19:00:00Z
Premier League,Chelsea,1.31,Manchester United,7.4,5.2,Parions Sport (FR),2025-05-16T19:00:00Z
Premier League,Chelsea,1.34,Manchester United,7.0,5.0,Winamax (FR),2025-05-16T19:00:00Z
Premier League,Chelsea,1.36,Manchester United,7.5,5.3,Winamax (DE),2025-05-16T19:00:00Z
Premier League,Chelsea,1.34,Manchester United,7.2,5.1,MyBookie.ag,2025-05-16T19:00:00Z
Premier League,Chelsea,1.35,Manchester United,9.15,5.6,1xBet,2025-05-16T19:00:00Z
Premier League,Chelsea,1.32,Manchester United,8.9,5.55,Nordic Bet,2025-05-16T19:00:00Z
Premier League,Chelsea,1.38,Manchester United,8.5,5.5,Unibet,2025-05-16T19:00:00Z
Premier League,Chelsea,1.32,Manchester United,8.9,5.55,Betsson,2025-05-16T19:00:00Z
Premier League,Chelsea,1.36,Manchester United,8.0,5.4,Betfair,2025-05-16T19:00:00Z
Premier League,Chelsea,1.36,Manchester United,8.0,5.0,888sport,2025-05-16T19:00:00Z
Premier League,Chelsea,1.35,Manchester United,8.0,5.0,William Hill,2025-05-16T19:00:00Z
Premier League,Chelsea,1.37,Manchester United,8.4,5.5,Matchbook,2025-05-16T19:00:00Z
Premier League,Chelsea,1.34,Manchester United,8.28,5.37,GTbets,2025-05-16T19:00:00Z
Premier League,Chelsea,1.33,Manchester United,7.5,5.25,Everygame,2025-05-16T19:00:00Z
Premier League,Everton,1.4,Southampton,7.62,4.73,Pinnacle,2025-05-18T11:00:00Z
Premier League,Everton,1.42,Southampton,7.8,4.7,Marathon Bet,2025-05-18T11:00:00Z
Premier League,Everton,1.39,Southampton,6.4,4.3,Parions Sport (FR),2025-05-18T11:00:00Z
Premier League,Everton,1.41,Southampton,6.5,4.4,Winamax (FR),2025-05-18T11:00:00Z
Premier League,Everton,1.44,Southampton,7.0,4.6,Winamax (DE),2025-05-18T11:00:00Z
Premier League,Everton,1.42,Southampton,6.7,4.4,MyBookie.ag,2025-05-18T11:00:00Z
Premier League,Everton,1.45,Southampton,7.9,4.79,1xBet,2025-05-18T11:00:00Z
Premier League,Everton,1.37,Southampton,7.8,5.0,Tipico,2025-05-18T11:00:00Z
Premier League,Everton,1.4,Southampton,7.7,4.85,Nordic Bet,2025-05-18T11:00:00Z
Premier League,Everton,1.47,Southampton,7.5,4.75,Unibet,2025-05-18T11:00:00Z
Premier League,Everton,1.4,Southampton,7.7,4.85,Betsson,2025-05-18T11:00:00Z
Premier League,Everton,1.41,Southampton,8.2,5.0,Betfair,2025-05-18T11:00:00Z
Premier League,Everton,1.44,Southampton,7.0,4.5,888sport,2025-05-18T11:00:00Z
Premier League,Everton,1.44,Southampton,7.0,4.4,William Hill,2025-05-18T11:00:00Z
Premier League,Everton,1.4,Southampton,7.25,4.6,Everygame,2025-05-18T11:00:00Z
Premier League,Nottingham Forest,2.38,West Ham United,3.06,3.31,Pinnacle,2025-05-18T13:15:00Z
Premier League,Nottingham Forest,2.35,West Ham United,3.02,3.46,Marathon Bet,2025-05-18T13:15:00Z
Premier League,Nottingham Forest,2.25,West Ham United,2.8,3.15,Parions Sport (FR),2025-05-18T13:15:00Z
Premier League,Nottingham Forest,2.35,West Ham United,2.85,3.25,Winamax (FR),2025-05-18T13:15:00Z
Premier League,Nottingham Forest,2.4,West Ham United,2.95,3.35,Winamax (DE),2025-05-18T13:15:00Z
Premier League,Nottingham Forest,2.4,West Ham United,3.08,3.52,1xBet,2025-05-18T13:15:00Z
Premier League,Nottingham Forest,2.35,West Ham United,2.88,3.26,MyBookie.ag,2025-05-18T13:15:00Z
Premier League,Nottingham Forest,2.4,West Ham United,2.98,3.3,Nordic Bet,2025-05-18T13:15:00Z
Premier League,Nottingham Forest,2.5,West Ham United,3.0,3.45,Unibet,2025-05-18T13:15:00Z
Premier League,Nottingham Forest,2.4,West Ham United,2.98,3.3,Betsson,2025-05-18T13:15:00Z
Premier League,Nottingham Forest,2.2,West Ham United,2.92,2.96,Betfair,2025-05-18T13:15:00Z
Premier League,Nottingham Forest,2.4,West Ham United,2.9,3.4,888sport,2025-05-18T13:15:00Z
Premier League,Nottingham Forest,2.38,West Ham United,2.9,3.3,William Hill,2025-05-18T13:15:00Z
Premier League,Nottingham Forest,2.35,West Ham United,2.95,3.25,Everygame,2025-05-18T13:15:00Z
Premier League,Brentford,1.92,Fulham,3.58,3.99,Pinnacle,2025-05-18T14:00:00Z
Premier League,Brentford,1.93,Fulham,3.58,4.05,Marathon Bet,2025-05-18T14:00:00Z
Premier League,Brentford,1.86,Fulham,3.35,3.65,Parions Sport (FR),2025-05-18T14:00:00Z
Premier League,Brentford,1.9,Fulham,3.4,3.75,Winamax (FR),2025-05-18T14:00:00Z
Premier League,Brentford,1.94,Fulham,3.5,3.9,Winamax (DE),2025-05-18T14:00:00Z
Premier League,Brentford,1.92,Fulham,3.42,3.75,MyBookie.ag,2025-05-18T14:00:00Z
Premier League,Brentford,1.97,Fulham,3.65,4.12,1xBet,2025-05-18T14:00:00Z
Premier League,Brentford,1.85,Fulham,3.8,3.9,Tipico,2025-05-18T14:00:00Z
Premier League,Brentford,1.92,Fulham,3.55,4.0,Nordic Bet,2025-05-18T14:00:00Z
Premier League,Brentford,1.93,Fulham,3.75,4.0,Unibet,2025-05-18T14:00:00Z
Premier League,Brentford,1.92,Fulham,3.55,4.0,Betsson,2025-05-18T14:00:00Z
Premier League,Brentford,1.96,Fulham,3.9,3.8,Betfair,2025-05-18T14:00:00Z
Premier League,Brentford,1.95,Fulham,3.5,3.9,888sport,2025-05-18T14:00:00Z
Premier League,Brentford,1.95,Fulham,3.4,3.8,William Hill,2025-05-18T14:00:00Z
Premier League,Brentford,1.91,Fulham,3.45,3.85,Everygame,2025-05-18T14:00:00Z
Premier League,Crystal Palace,2.25,Wolverhampton Wanderers,3.35,3.5,Unibet,2025-05-18T14:00:00Z
Premier League,Ipswich Town,3.0,Leicester City,2.31,3.54,Pinnacle,2025-05-18T14:00:00Z
Premier League,Ipswich Town,2.94,Leicester City,2.34,3.6,Marathon Bet,2025-05-18T14:00:00Z
Premier League,Ipswich Town,2.85,Leicester City,2.15,3.4,Parions Sport (FR),2025-05-18T14:00:00Z
Premier League,Ipswich Town,2.85,Leicester City,2.2,3.45,Winamax (FR),2025-05-18T14:00:00Z
Premier League,Ipswich Town,2.95,Leicester City,2.25,3.55,Winamax (DE),2025-05-18T14:00:00Z
Premier League,Ipswich Town,2.9,Leicester City,2.24,3.46,MyBookie.ag,2025-05-18T14:00:00Z
Premier League,Ipswich Town,3.0,Leicester City,2.38,3.67,1xBet,2025-05-18T14:00:00Z
Premier League,Ipswich Town,2.95,Leicester City,2.32,3.55,Nordic Bet,2025-05-18T14:00:00Z
Premier League,Ipswich Town,3.1,Leicester City,2.3,3.75,Unibet,2025-05-18T14:00:00Z
Premier League,Ipswich Town,2.95,Leicester City,2.32,3.55,Betsson,2025-05-18T14:00:00Z
Premier League,Ipswich Town,2.92,Leicester City,2.22,3.5,Betfair,2025-05-18T14:00:00Z
Premier League,Ipswich Town,2.9,Leicester City,2.3,3.5,888sport,2025-05-18T14:00:00Z
Premier League,Ipswich Town,2.88,Leicester City,2.3,3.5,William Hill,2025-05-18T14:00:00Z
Premier League,Ipswich Town,2.95,Leicester City,2.25,3.45,Everygame,2025-05-18T14:00:00Z
Premier League,Arsenal,1.78,Newcastle United,4.39,3.8,Pinnacle,2025-05-18T15:30:00Z
Premier League,Arsenal,1.78,Newcastle United,4.45,3.88,Marathon Bet,2025-05-18T15:30:00Z
Premier League,Arsenal,1.72,Newcastle United,3.95,3.65,Parions Sport (FR),2025-05-18T15:30:00Z
Premier League,Arsenal,1.76,Newcastle United,4.0,3.7,Winamax (FR),2025-05-18T15:30:00Z
Premier League,Arsenal,1.8,Newcastle United,4.2,3.85,Winamax (DE),2025-05-18T15:30:00Z
Premier League,Arsenal,1.76,Newcastle United,4.1,3.75,MyBookie.ag,2025-05-18T15:30:00Z
Premier League,Arsenal,1.81,Newcastle United,4.53,3.95,1xBet,2025-05-18T15:30:00Z
Premier League,Arsenal,1.78,Newcastle United,4.35,3.8,Nordic Bet,2025-05-18T15:30:00Z
Premier League,Arsenal,1.81,Newcastle United,4.4,4.1,Unibet,2025-05-18T15:30:00Z
Premier League,Arsenal,1.78,Newcastle United,4.35,3.8,Betsson,2025-05-18T15:30:00Z
Premier League,Arsenal,1.85,Newcastle United,4.1,4.0,Betfair,2025-05-18T15:30:00Z
Premier League,Arsenal,1.8,Newcastle United,4.33,3.75,888sport,2025-05-18T15:30:00Z
Premier League,Arsenal,1.8,Newcastle United,4.2,3.6,William Hill,2025-05-18T15:30:00Z
Premier League,Arsenal,1.75,Newcastle United,4.33,3.75,Everygame,2025-05-18T15:30:00Z
Premier League,Brighton and Hove Albion,3.08,Liverpool,2.15,3.82,Pinnacle,2025-05-19T19:00:00Z
Premier League,Brighton and Hove Albion,3.1,Liverpool,2.13,3.94,Marathon Bet,2025-05-19T19:00:00Z
Premier League,Brighton and Hove Albion,2.95,Liverpool,2.0,3.65,Parions Sport (FR),2025-05-19T19:00:00Z
Premier League,Brighton and Hove Albion,3.16,Liverpool,2.17,4.01,1xBet,2025-05-19T19:00:00Z
Premier League,Brighton and Hove Albion,3.04,Liverpool,2.07,3.75,MyBookie.ag,2025-05-19T19:00:00Z
Premier League,Brighton and Hove Albion,3.05,Liverpool,2.15,3.8,Nordic Bet,2025-05-19T19:00:00Z
Premier League,Brighton and Hove Albion,3.35,Liverpool,2.08,4.1,Unibet,2025-05-19T19:00:00Z
Premier League,Brighton and Hove Albion,3.05,Liverpool,2.15,3.8,Betsson,2025-05-19T19:00:00Z
Premier League,Brighton and Hove Albion,3.15,Liverpool,2.18,3.75,Betfair,2025-05-19T19:00:00Z
Premier League,Brighton and Hove Albion,3.1,Liverpool,2.15,3.8,888sport,2025-05-19T19:00:00Z
Premier League,Brighton and Hove Albion,3.0,Liverpool,2.1,3.75,William Hill,2025-05-19T19:00:00Z
Premier League,Brighton and Hove Albion,3.05,Liverpool,2.1,3.75,Everygame,2025-05-19T19:00:00Z
Premier League,Bournemouth,5.55,Manchester City,1.53,4.52,Pinnacle,2025-05-20T19:00:00Z
Premier League,Bournemouth,5.75,Manchester City,1.51,4.8,Marathon Bet,2025-05-20T19:00:00Z
Premier League,Bournemouth,5.85,Manchester City,1.54,4.88,1xBet,2025-05-20T19:00:00Z
Premier League,Bournemouth,5.55,Manchester City,1.52,4.65,Nordic Bet,2025-05-20T19:00:00Z
Premier League,Bournemouth,5.55,Manchester City,1.52,4.65,Betsson,2025-05-20T19:00:00Z
Premier League,Bournemouth,5.4,Manchester City,1.59,4.4,Betfair,2025-05-20T19:00:00Z
Premier League,Bournemouth,4.95,Manchester City,1.49,4.25,Parions Sport (FR),2025-05-20T19:00:00Z
Premier League,Bournemouth,5.1,Manchester City,1.52,4.4,MyBookie.ag,2025-05-20T19:00:00Z
Premier League,Bournemouth,5.4,Manchester City,1.52,4.6,Winamax (DE),2025-05-20T19:00:00Z
Premier League,Bournemouth,5.2,Manchester City,1.5,4.4,Winamax (FR),2025-05-20T19:00:00Z
Premier League,Bournemouth,5.6,Manchester City,1.57,4.7,Unibet,2025-05-20T19:00:00Z
Premier League,Bournemouth,5.5,Manchester City,1.53,4.6,888sport,2025-05-20T19:00:00Z
Premier League,Bournemouth,5.0,Manchester City,1.5,4.5,William Hill,2025-05-20T19:00:00Z
Premier League,Bournemouth,5.5,Manchester City,1.53,4.4,Everygame,2025-05-20T19:00:00Z
Premier League,Crystal Palace,2.24,Wolverhampton Wanderers,3.29,3.34,Pinnacle,2025-05-20T19:00:00Z
Premier League,Crystal Palace,2.22,Wolverhampton Wanderers,3.36,3.36,Marathon Bet,2025-05-20T19:00:00Z
Premier League,Crystal Palace,2.26,Wolverhampton Wanderers,3.42,3.42,1xBet,2025-05-20T19:00:00Z
Premier League,Crystal Palace,2.25,Wolverhampton Wanderers,3.2,3.35,Nordic Bet,2025-05-20T19:00:00Z
Premier League,Crystal Palace,2.25,Wolverhampton Wanderers,3.2,3.35,Betsson,2025-05-20T19:00:00Z
Premier League,Crystal Palace,2.3,Wolverhampton Wanderers,3.2,3.3,Betfair,2025-05-20T19:00:00Z
Premier League,Crystal Palace,2.15,Wolverhampton Wanderers,3.15,3.25,Winamax (FR),2025-05-20T19:00:00Z
Premier League,Crystal Palace,2.1,Wolverhampton Wanderers,3.1,3.2,Parions Sport (FR),2025-05-20T19:00:00Z
Premier League,Crystal Palace,2.2,Wolverhampton Wanderers,3.25,3.35,Winamax (DE),2025-05-20T19:00:00Z
Premier League,Crystal Palace,2.16,Wolverhampton Wanderers,3.2,3.28,MyBookie.ag,2025-05-20T19:00:00Z
Premier League,Crystal Palace,2.2,Wolverhampton Wanderers,3.4,3.3,888sport,2025-05-20T19:00:00Z
Premier League,Crystal Palace,2.15,Wolverhampton Wanderers,3.3,3.3,William Hill,2025-05-20T19:00:00Z
Premier League,Crystal Palace,2.2,Wolverhampton Wanderers,3.25,3.3,Everygame,2025-05-20T19:00:00Z
LaLiga,Espanyol,3.35,Leganés,2.4,3.1,Unibet,2025-05-11T12:00:00Z
LaLiga,Espanyol,3.27,Leganés,2.53,3.17,1xBet,2025-05-11T12:00:00Z
LaLiga,Espanyol,3.2,Leganés,2.4,3.05,Winamax (FR),2025-05-11T12:00:00Z
LaLiga,Espanyol,3.25,Leganés,2.4,3.05,Winamax (DE),2025-05-11T12:00:00Z
LaLiga,Espanyol,3.18,Leganés,2.46,3.08,Marathon Bet,2025-05-11T12:00:00Z
LaLiga,Espanyol,3.2,Leganés,2.35,3.1,Tipico,2025-05-11T12:00:00Z
LaLiga,Espanyol,3.15,Leganés,2.48,3.05,Nordic Bet,2025-05-11T12:00:00Z
LaLiga,Espanyol,3.23,Leganés,2.5,3.09,Pinnacle,2025-05-11T12:00:00Z
LaLiga,Espanyol,3.1,Leganés,2.45,3.0,William Hill,2025-05-11T12:00:00Z
LaLiga,Espanyol,3.25,Leganés,2.35,3.1,Parions Sport (FR),2025-05-11T12:00:00Z
LaLiga,Espanyol,3.45,Leganés,2.52,3.15,Betfair,2025-05-11T12:00:00Z
LaLiga,Espanyol,3.2,Leganés,2.45,3.05,Everygame,2025-05-11T12:00:00Z
LaLiga,Espanyol,3.35,Leganés,2.42,3.1,BetOnline.ag,2025-05-11T12:00:00Z
LaLiga,Espanyol,3.45,Leganés,2.52,3.15,Matchbook,2025-05-11T12:00:00Z
LaLiga,Espanyol,3.2,Leganés,2.5,3.1,Betsson,2025-05-11T12:00:00Z
LaLiga,Espanyol,3.33,Leganés,2.43,3.13,Coolbet,2025-05-11T12:00:00Z
LaLiga,Espanyol,3.2,Leganés,2.38,3.05,Betclic,2025-05-11T12:00:00Z
LaLiga,Barcelona,1.96,Real Madrid,3.45,4.25,Unibet,2025-05-11T14:15:00Z
LaLiga,Barcelona,2.05,Real Madrid,3.39,4.32,1xBet,2025-05-11T14:15:00Z
LaLiga,Barcelona,1.99,Real Madrid,3.3,4.2,Marathon Bet,2025-05-11T14:15:00Z
LaLiga,Barcelona,1.95,Real Madrid,3.35,4.15,Nordic Bet,2025-05-11T14:15:00Z
LaLiga,Barcelona,1.95,Real Madrid,3.48,4.23,Pinnacle,2025-05-11T14:15:00Z
LaLiga,Barcelona,2.0,Real Madrid,3.2,3.9,William Hill,2025-05-11T14:15:00Z
LaLiga,Barcelona,1.9,Real Madrid,3.5,4.2,Tipico,2025-05-11T14:15:00Z
LaLiga,Barcelona,1.96,Real Madrid,3.4,4.1,Winamax (DE),2025-05-11T14:15:00Z
LaLiga,Barcelona,1.94,Real Madrid,3.35,4.1,Winamax (FR),2025-05-11T14:15:00Z
LaLiga,Barcelona,1.94,Real Madrid,3.35,4.2,Parions Sport (FR),2025-05-11T14:15:00Z
LaLiga,Barcelona,2.0,Real Madrid,3.65,4.3,Betfair,2025-05-11T14:15:00Z
LaLiga,Barcelona,1.91,Real Madrid,3.4,4.1,Everygame,2025-05-11T14:15:00Z
LaLiga,Barcelona,1.94,Real Madrid,3.55,4.2,BetOnline.ag,2025-05-11T14:15:00Z
LaLiga,Barcelona,2.0,Real Madrid,3.45,4.2,Coolbet,2025-05-11T14:15:00Z
LaLiga,Barcelona,2.0,Real Madrid,3.65,4.3,Matchbook,2025-05-11T14:15:00Z
LaLiga,Barcelona,1.98,Real Madrid,3.4,4.2,Betsson,2025-05-11T14:15:00Z
LaLiga,Barcelona,1.94,Real Madrid,3.3,4.15,Betclic,2025-05-11T14:15:00Z
LaLiga,Alavés,4.6,Athletic Bilbao,2.04,3.05,Unibet,2025-05-11T16:30:00Z
LaLiga,Alavés,4.1,Athletic Bilbao,2.0,3.1,Winamax (FR),2025-05-11T16:30:00Z
LaLiga,Alavés,4.2,Athletic Bilbao,2.05,3.15,Winamax (DE),2025-05-11T16:30:00Z
LaLiga,Alavés,4.15,Athletic Bilbao,2.07,3.12,Marathon Bet,2025-05-11T16:30:00Z
LaLiga,Alavés,4.4,Athletic Bilbao,2.0,3.0,Tipico,2025-05-11T16:30:00Z
LaLiga,Alavés,4.15,Athletic Bilbao,2.08,3.05,Nordic Bet,2025-05-11T16:30:00Z
LaLiga,Alavés,4.31,Athletic Bilbao,2.08,3.11,Pinnacle,2025-05-11T16:30:00Z
LaLiga,Alavés,3.9,Athletic Bilbao,2.05,3.0,William Hill,2025-05-11T16:30:00Z
LaLiga,Alavés,4.05,Athletic Bilbao,1.99,3.05,Parions Sport (FR),2025-05-11T16:30:00Z
LaLiga,Alavés,4.1,Athletic Bilbao,2.05,3.05,Everygame,2025-05-11T16:30:00Z
LaLiga,Alavés,4.6,Athletic Bilbao,2.1,3.2,Betfair,2025-05-11T16:30:00Z
LaLiga,Alavés,4.23,Athletic Bilbao,2.08,3.14,BetOnline.ag,2025-05-11T16:30:00Z
LaLiga,Alavés,4.08,Athletic Bilbao,2.04,3.07,Betclic,2025-05-11T16:30:00Z
LaLiga,CA Osasuna,5.8,Real Betis,1.61,4.0,Unibet,2025-05-11T19:00:00Z
LaLiga,CA Osasuna,5.35,Real Betis,1.69,4.22,1xBet,2025-05-11T19:00:00Z
LaLiga,CA Osasuna,5.4,Real Betis,1.62,3.9,Winamax (FR),2025-05-11T19:00:00Z
LaLiga,CA Osasuna,5.2,Real Betis,1.64,4.1,Marathon Bet,2025-05-11T19:00:00Z
LaLiga,CA Osasuna,5.3,Real Betis,1.6,4.1,Tipico,2025-05-11T19:00:00Z
LaLiga,CA Osasuna,4.95,Real Betis,1.68,3.95,Nordic Bet,2025-05-11T19:00:00Z
LaLiga,CA Osasuna,5.42,Real Betis,1.67,3.94,Pinnacle,2025-05-11T19:00:00Z
LaLiga,CA Osasuna,4.8,Real Betis,1.65,3.9,William Hill,2025-05-11T19:00:00Z
LaLiga,CA Osasuna,5.3,Real Betis,1.61,4.0,Parions Sport (FR),2025-05-11T19:00:00Z
LaLiga,CA Osasuna,5.9,Real Betis,1.71,4.0,Betfair,2025-05-11T19:00:00Z
LaLiga,CA Osasuna,5.25,Real Betis,1.65,3.9,Everygame,2025-05-11T19:00:00Z
LaLiga,CA Osasuna,5.7,Real Betis,1.65,3.97,BetOnline.ag,2025-05-11T19:00:00Z
LaLiga,CA Osasuna,5.9,Real Betis,1.71,4.0,Matchbook,2025-05-11T19:00:00Z
LaLiga,CA Osasuna,5.0,Real Betis,1.7,4.0,Betsson,2025-05-11T19:00:00Z
LaLiga,CA Osasuna,5.45,Real Betis,1.69,3.9,Coolbet,2025-05-11T19:00:00Z
LaLiga,CA Osasuna,5.2,Real Betis,1.62,3.95,Betclic,2025-05-11T19:00:00Z
LaLiga,Girona,1.68,Valladolid,4.95,3.86,Pinnacle,2025-05-13T17:00:00Z
LaLiga,Girona,1.64,Valladolid,4.65,3.9,Parions Sport (FR),2025-05-13T17:00:00Z
LaLiga,Girona,1.64,Valladolid,5.0,4.0,Winamax (DE),2025-05-13T17:00:00Z
LaLiga,Girona,1.62,Valladolid,4.8,3.85,Winamax (FR),2025-05-13T17:00:00Z
LaLiga,Girona,1.75,Valladolid,5.09,4.05,1xBet,2025-05-13T17:00:00Z
LaLiga,Girona,1.67,Valladolid,4.6,3.9,William Hill,2025-05-13T17:00:00Z
LaLiga,Girona,1.72,Valladolid,5.3,4.0,Betfair,2025-05-13T17:00:00Z
LaLiga,Girona,1.68,Valladolid,4.95,3.95,Nordic Bet,2025-05-13T17:00:00Z
LaLiga,Girona,1.7,Valladolid,5.0,4.0,Betsson,2025-05-13T17:00:00Z
LaLiga,Girona,1.7,Valladolid,4.95,3.94,Marathon Bet,2025-05-13T17:00:00Z
LaLiga,Girona,1.73,Valladolid,4.7,4.2,Unibet,2025-05-13T17:00:00Z
LaLiga,Girona,1.72,Valladolid,5.4,4.1,Matchbook,2025-05-13T17:00:00Z
LaLiga,Girona,1.67,Valladolid,4.75,3.85,Everygame,2025-05-13T17:00:00Z
LaLiga,Girona,1.68,Valladolid,4.63,3.88,Betclic,2025-05-13T17:00:00Z
LaLiga,Celta Vigo,3.1,Real Sociedad,2.35,3.31,Pinnacle,2025-05-13T18:00:00Z
LaLiga,Celta Vigo,3.1,Real Sociedad,2.2,3.35,Parions Sport (FR),2025-05-13T18:00:00Z
LaLiga,Celta Vigo,3.1,Real Sociedad,2.3,3.35,Winamax (DE),2025-05-13T18:00:00Z
LaLiga,Celta Vigo,3.0,Real Sociedad,2.2,3.25,Winamax (FR),2025-05-13T18:00:00Z
LaLiga,Celta Vigo,3.21,Real Sociedad,2.39,3.5,1xBet,2025-05-13T18:00:00Z
LaLiga,Celta Vigo,3.15,Real Sociedad,2.4,3.4,Betfair,2025-05-13T18:00:00Z
LaLiga,Celta Vigo,3.0,Real Sociedad,2.3,3.25,William Hill,2025-05-13T18:00:00Z
LaLiga,Celta Vigo,3.1,Real Sociedad,2.35,3.4,Nordic Bet,2025-05-13T18:00:00Z
LaLiga,Celta Vigo,3.1,Real Sociedad,2.35,3.4,Betsson,2025-05-13T18:00:00Z
LaLiga,Celta Vigo,3.12,Real Sociedad,2.32,3.4,Marathon Bet,2025-05-13T18:00:00Z
LaLiga,Celta Vigo,3.15,Real Sociedad,2.3,3.55,Unibet,2025-05-13T18:00:00Z
LaLiga,Celta Vigo,3.15,Real Sociedad,2.42,3.45,Matchbook,2025-05-13T18:00:00Z
LaLiga,Celta Vigo,3.05,Real Sociedad,2.3,3.25,Everygame,2025-05-13T18:00:00Z
LaLiga,Las Palmas,4.44,Sevilla,1.87,3.42,Pinnacle,2025-05-13T19:30:00Z
LaLiga,Las Palmas,4.3,Sevilla,1.77,3.55,Parions Sport (FR),2025-05-13T19:30:00Z
LaLiga,Las Palmas,4.4,Sevilla,1.86,3.65,Winamax (DE),2025-05-13T19:30:00Z
LaLiga,Las Palmas,4.2,Sevilla,1.8,3.45,Winamax (FR),2025-05-13T19:30:00Z
LaLiga,Las Palmas,4.53,Sevilla,1.88,3.81,1xBet,2025-05-13T19:30:00Z
LaLiga,Las Palmas,4.2,Sevilla,1.8,3.5,William Hill,2025-05-13T19:30:00Z
LaLiga,Las Palmas,4.5,Sevilla,1.93,3.5,Betfair,2025-05-13T19:30:00Z
LaLiga,Las Palmas,4.15,Sevilla,1.92,3.45,Nordic Bet,2025-05-13T19:30:00Z
LaLiga,Las Palmas,4.2,Sevilla,1.95,3.5,Betsson,2025-05-13T19:30:00Z
LaLiga,Las Palmas,4.4,Sevilla,1.83,3.7,Marathon Bet,2025-05-13T19:30:00Z
LaLiga,Las Palmas,4.9,Sevilla,1.8,3.6,Unibet,2025-05-13T19:30:00Z
LaLiga,Las Palmas,4.5,Sevilla,1.94,3.55,Matchbook,2025-05-13T19:30:00Z
LaLiga,Las Palmas,4.33,Sevilla,1.83,3.4,Everygame,2025-05-13T19:30:00Z
LaLiga,Alavés,2.13,Valencia,3.64,3.26,Pinnacle,2025-05-14T17:00:00Z
LaLiga,Alavés,1.99,Valencia,3.75,3.2,Parions Sport (FR),2025-05-14T17:00:00Z
LaLiga,Alavés,2.05,Valencia,3.8,3.25,Winamax (DE),2025-05-14T17:00:00Z
LaLiga,Alavés,2.0,Valencia,3.7,3.15,Winamax (FR),2025-05-14T17:00:00Z
LaLiga,Alavés,2.1,Valencia,3.6,3.1,William Hill,2025-05-14T17:00:00Z
LaLiga,Alavés,2.28,Valencia,3.7,3.05,Betfair,2025-05-14T17:00:00Z
LaLiga,Alavés,2.12,Valencia,3.7,3.25,Nordic Bet,2025-05-14T17:00:00Z
LaLiga,Alavés,2.15,Valencia,3.75,3.3,Betsson,2025-05-14T17:00:00Z
LaLiga,Alavés,2.13,Valencia,3.7,3.28,Marathon Bet,2025-05-14T17:00:00Z
LaLiga,Alavés,2.02,Valencia,4.0,3.45,Unibet,2025-05-14T17:00:00Z
LaLiga,Alavés,2.1,Valencia,3.6,3.2,Everygame,2025-05-14T17:00:00Z
LaLiga,Leganés,8.1,Villarreal,1.35,5.13,Pinnacle,2025-05-14T17:00:00Z
LaLiga,Leganés,8.2,Villarreal,1.31,5.2,Parions Sport (FR),2025-05-14T17:00:00Z
LaLiga,Leganés,8.0,Villarreal,1.35,5.2,Winamax (DE),2025-05-14T17:00:00Z
LaLiga,Leganés,7.75,Villarreal,1.33,4.9,Winamax (FR),2025-05-14T17:00:00Z
LaLiga,Leganés,9.75,Villarreal,1.37,5.4,1xBet,2025-05-14T17:00:00Z
LaLiga,Leganés,8.5,Villarreal,1.33,5.0,William Hill,2025-05-14T17:00:00Z
LaLiga,Leganés,9.9,Villarreal,1.34,4.95,Nordic Bet,2025-05-14T17:00:00Z
LaLiga,Leganés,10.0,Villarreal,1.35,5.0,Betsson,2025-05-14T17:00:00Z
LaLiga,Leganés,9.4,Villarreal,1.34,5.2,Marathon Bet,2025-05-14T17:00:00Z
LaLiga,Leganés,8.5,Villarreal,1.4,5.1,Unibet,2025-05-14T17:00:00Z
LaLiga,Leganés,8.0,Villarreal,1.33,5.0,Everygame,2025-05-14T17:00:00Z
LaLiga,Mallorca,11.61,Real Madrid,1.22,6.48,Pinnacle,2025-05-14T19:30:00Z
LaLiga,Mallorca,11.0,Real Madrid,1.21,6.1,Parions Sport (FR),2025-05-14T19:30:00Z
LaLiga,Mallorca,11.0,Real Madrid,1.24,6.25,Winamax (DE),2025-05-14T19:30:00Z
LaLiga,Mallorca,10.5,Real Madrid,1.22,5.8,Winamax (FR),2025-05-14T19:30:00Z
LaLiga,Mallorca,12.4,Real Madrid,1.27,6.63,1xBet,2025-05-14T19:30:00Z
LaLiga,Mallorca,11.0,Real Madrid,1.25,6.0,William Hill,2025-05-14T19:30:00Z
LaLiga,Mallorca,13.0,Real Madrid,1.21,6.9,Nordic Bet,2025-05-14T19:30:00Z
LaLiga,Mallorca,13.0,Real Madrid,1.22,7.0,Betsson,2025-05-14T19:30:00Z
LaLiga,Mallorca,11.75,Real Madrid,1.25,6.25,Marathon Bet,2025-05-14T19:30:00Z
LaLiga,Mallorca,13.0,Real Madrid,1.25,6.4,Unibet,2025-05-14T19:30:00Z
LaLiga,Mallorca,11.0,Real Madrid,1.2,6.5,Everygame,2025-05-14T19:30:00Z
LaLiga,Atlético Madrid,2.01,CA Osasuna,3.87,3.38,Pinnacle,2025-05-15T17:00:00Z
LaLiga,Atlético Madrid,2.0,CA Osasuna,3.75,3.4,Winamax (DE),2025-05-15T17:00:00Z
LaLiga,Atlético Madrid,1.96,CA Osasuna,3.65,3.3,Winamax (FR),2025-05-15T17:00:00Z
LaLiga,Atlético Madrid,2.08,CA Osasuna,3.94,3.56,1xBet,2025-05-15T17:00:00Z
LaLiga,Atlético Madrid,2.0,CA Osasuna,3.7,3.3,William Hill,2025-05-15T17:00:00Z
LaLiga,Atlético Madrid,2.05,CA Osasuna,3.7,3.45,Nordic Bet,2025-05-15T17:00:00Z
LaLiga,Atlético Madrid,1.79,CA Osasuna,3.65,3.05,Betfair,2025-05-15T17:00:00Z
LaLiga,Atlético Madrid,2.05,CA Osasuna,3.75,3.5,Betsson,2025-05-15T17:00:00Z
LaLiga,Atlético Madrid,2.02,CA Osasuna,3.82,3.46,Marathon Bet,2025-05-15T17:00:00Z
LaLiga,Atlético Madrid,2.02,CA Osasuna,3.8,3.65,Unibet,2025-05-15T17:00:00Z
LaLiga,Atlético Madrid,2.0,CA Osasuna,3.75,3.3,Everygame,2025-05-15T17:00:00Z
LaLiga,Rayo Vallecano,2.91,Real Betis,2.42,3.42,Pinnacle,2025-05-15T17:00:00Z
LaLiga,Rayo Vallecano,2.95,Real Betis,2.2,3.35,Parions Sport (FR),2025-05-15T17:00:00Z
LaLiga,Rayo Vallecano,2.8,Real Betis,2.35,3.25,Winamax (FR),2025-05-15T17:00:00Z
LaLiga,Rayo Vallecano,3.02,Real Betis,2.44,3.62,1xBet,2025-05-15T17:00:00Z
LaLiga,Rayo Vallecano,2.9,Real Betis,2.3,3.4,William Hill,2025-05-15T17:00:00Z
LaLiga,Rayo Vallecano,2.88,Real Betis,2.42,3.45,Nordic Bet,2025-05-15T17:00:00Z
LaLiga,Rayo Vallecano,3.1,Real Betis,2.44,3.45,Betfair,2025-05-15T17:00:00Z
LaLiga,Rayo Vallecano,2.9,Real Betis,2.45,3.5,Betsson,2025-05-15T17:00:00Z
LaLiga,Rayo Vallecano,2.97,Real Betis,2.36,3.52,Marathon Bet,2025-05-15T17:00:00Z
LaLiga,Rayo Vallecano,3.1,Real Betis,2.35,3.55,Unibet,2025-05-15T17:00:00Z
LaLiga,Rayo Vallecano,2.9,Real Betis,2.4,3.3,Everygame,2025-05-15T17:00:00Z
LaLiga,Athletic Bilbao,2.53,Getafe,3.33,2.83,Pinnacle,2025-05-15T19:30:00Z
LaLiga,Athletic Bilbao,2.3,Getafe,3.3,2.85,Parions Sport (FR),2025-05-15T19:30:00Z
LaLiga,Athletic Bilbao,2.45,Getafe,3.3,2.85,Winamax (DE),2025-05-15T19:30:00Z
LaLiga,Athletic Bilbao,2.4,Getafe,3.2,2.8,Winamax (FR),2025-05-15T19:30:00Z
LaLiga,Athletic Bilbao,2.55,Getafe,3.48,2.98,1xBet,2025-05-15T19:30:00Z
LaLiga,Athletic Bilbao,2.45,Getafe,3.3,2.8,William Hill,2025-05-15T19:30:00Z
LaLiga,Athletic Bilbao,2.58,Getafe,3.25,2.82,Nordic Bet,2025-05-15T19:30:00Z
LaLiga,Athletic Bilbao,1.19,Getafe,3.1,1.63,Betfair,2025-05-15T19:30:00Z
LaLiga,Athletic Bilbao,2.6,Getafe,3.3,2.85,Betsson,2025-05-15T19:30:00Z
LaLiga,Athletic Bilbao,2.48,Getafe,3.38,2.89,Marathon Bet,2025-05-15T19:30:00Z
LaLiga,Athletic Bilbao,2.35,Getafe,3.5,3.1,Unibet,2025-05-15T19:30:00Z
LaLiga,Athletic Bilbao,2.5,Getafe,3.3,2.75,Everygame,2025-05-15T19:30:00Z
LaLiga,Barcelona,1.41,Espanyol,6.89,4.93,Pinnacle,2025-05-15T19:30:00Z
LaLiga,Barcelona,1.37,Espanyol,6.5,4.9,Parions Sport (FR),2025-05-15T19:30:00Z
LaLiga,Barcelona,1.39,Espanyol,7.25,5.0,Winamax (DE),2025-05-15T19:30:00Z
LaLiga,Barcelona,1.36,Espanyol,7.0,4.8,Winamax (FR),2025-05-15T19:30:00Z
LaLiga,Barcelona,1.48,Espanyol,6.9,5.09,1xBet,2025-05-15T19:30:00Z
LaLiga,Barcelona,1.44,Espanyol,6.0,4.6,William Hill,2025-05-15T19:30:00Z
LaLiga,Barcelona,1.43,Espanyol,6.9,4.95,Nordic Bet,2025-05-15T19:30:00Z
LaLiga,Barcelona,1.44,Espanyol,7.0,5.0,Betsson,2025-05-15T19:30:00Z
LaLiga,Barcelona,1.44,Espanyol,6.7,4.95,Marathon Bet,2025-05-15T19:30:00Z
LaLiga,Barcelona,1.42,Espanyol,7.0,5.4,Unibet,2025-05-15T19:30:00Z
LaLiga,Barcelona,1.42,Espanyol,3.45,3.3,Betfair,2025-05-15T19:30:00Z
LaLiga,Barcelona,1.4,Espanyol,6.75,4.75,Everygame,2025-05-15T19:30:00Z
Ligue 1,Le Havre,6.86,Marseille,2.92,1.75,Pinnacle,2025-05-10T18:59:00Z
Ligue 1,Le Havre,450.0,Marseille,1.02,22.0,Winamax (DE),2025-05-10T18:59:00Z
Ligue 1,Le Havre,600.0,Marseille,1.02,24.0,Winamax (FR),2025-05-10T18:59:00Z
Ligue 1,Le Havre,400.0,Marseille,1.0,400.0,Tipico,2025-05-10T18:59:00Z
Ligue 1,Le Havre,34.0,Marseille,1.0,29.0,Nordic Bet,2025-05-10T18:59:00Z
Ligue 1,Le Havre,426.0,Marseille,1.02,16.0,Unibet,2025-05-10T18:59:00Z
Ligue 1,Le Havre,95.0,Marseille,1.09,11.5,Betfair,2025-05-10T18:59:00Z
Ligue 1,Le Havre,301.0,Marseille,1.05,15.0,Suprabets,2025-05-10T18:59:00Z
Ligue 1,Le Havre,55.0,Marseille,1.05,7.5,Betclic,2025-05-10T18:59:00Z
Ligue 1,Le Havre,150.0,Marseille,1.01,20.0,Coolbet,2025-05-10T18:59:00Z
Ligue 1,Le Havre,34.0,Marseille,1.0,29.0,Betsson,2025-05-10T18:59:00Z
Ligue 1,AS Monaco,1.87,RC Lens,4.42,3.91,1xBet,2025-05-17T19:00:00Z
Ligue 1,AS Monaco,1.86,RC Lens,4.1,4.2,Suprabets,2025-05-17T19:00:00Z
Ligue 1,AS Monaco,1.77,RC Lens,4.0,3.9,Tipico,2025-05-17T19:00:00Z
Ligue 1,AS Monaco,1.8,RC Lens,3.9,4.1,Betsson,2025-05-17T19:00:00Z
Ligue 1,AS Monaco,1.8,RC Lens,3.9,4.1,Nordic Bet,2025-05-17T19:00:00Z
Ligue 1,AS Monaco,1.96,RC Lens,3.25,2.56,Betfair,2025-05-17T19:00:00Z
Ligue 1,AS Monaco,1.75,RC Lens,3.75,3.85,Everygame,2025-05-17T19:00:00Z
Ligue 1,AS Monaco,1.82,RC Lens,4.3,3.8,Marathon Bet,2025-05-17T19:00:00Z
Ligue 1,AS Monaco,1.83,RC Lens,4.2,4.0,Coolbet,2025-05-17T19:00:00Z
Ligue 1,AS Monaco,1.75,RC Lens,3.53,3.5,Betclic,2025-05-17T19:00:00Z
Ligue 1,Angers,7.5,Lyon,1.3,5.1,Parions Sport (FR),2025-05-17T19:00:00Z
Ligue 1,Angers,6.5,Lyon,1.3,4.5,Winamax (FR),2025-05-17T19:00:00Z
Ligue 1,Angers,7.5,Lyon,1.34,5.1,Winamax (DE),2025-05-17T19:00:00Z
Ligue 1,Angers,9.05,Lyon,1.37,5.63,1xBet,2025-05-17T19:00:00Z
Ligue 1,Angers,8.0,Lyon,1.39,5.7,Suprabets,2025-05-17T19:00:00Z
Ligue 1,Angers,7.8,Lyon,1.33,5.3,Tipico,2025-05-17T19:00:00Z
Ligue 1,Angers,7.9,Lyon,1.35,5.4,Betsson,2025-05-17T19:00:00Z
Ligue 1,Angers,7.8,Lyon,1.34,5.4,Nordic Bet,2025-05-17T19:00:00Z
Ligue 1,Angers,7.0,Lyon,1.33,5.0,Everygame,2025-05-17T19:00:00Z
Ligue 1,Angers,8.7,Lyon,1.34,5.4,Marathon Bet,2025-05-17T19:00:00Z
Ligue 1,Angers,9.5,Lyon,1.35,5.5,Coolbet,2025-05-17T19:00:00Z
Ligue 1,Auxerre,9.9,Paris Saint Germain,1.22,5.6,Parions Sport (FR),2025-05-17T19:00:00Z
Ligue 1,Auxerre,10.0,Paris Saint Germain,1.23,6.0,Winamax (DE),2025-05-17T19:00:00Z
Ligue 1,Auxerre,8.5,Paris Saint Germain,1.19,5.2,Winamax (FR),2025-05-17T19:00:00Z
Ligue 1,Auxerre,12.9,Paris Saint Germain,1.3,5.98,1xBet,2025-05-17T19:00:00Z
Ligue 1,Auxerre,13.0,Paris Saint Germain,1.3,5.8,Suprabets,2025-05-17T19:00:00Z
Ligue 1,Auxerre,9.5,Paris Saint Germain,1.25,6.0,Tipico,2025-05-17T19:00:00Z
Ligue 1,Auxerre,11.5,Paris Saint Germain,1.23,6.3,Nordic Bet,2025-05-17T19:00:00Z
Ligue 1,Auxerre,11.5,Paris Saint Germain,1.24,6.4,Betsson,2025-05-17T19:00:00Z
Ligue 1,Auxerre,11.0,Paris Saint Germain,1.25,5.0,Everygame,2025-05-17T19:00:00Z
Ligue 1,Auxerre,12.25,Paris Saint Germain,1.27,5.65,Marathon Bet,2025-05-17T19:00:00Z
Ligue 1,Auxerre,13.0,Paris Saint Germain,1.26,6.25,Coolbet,2025-05-17T19:00:00Z
Ligue 1,Brest,4.8,Nice,1.64,3.9,Winamax (DE),2025-05-17T19:00:00Z
Ligue 1,Brest,4.4,Nice,1.56,3.55,Winamax (FR),2025-05-17T19:00:00Z
Ligue 1,Brest,4.95,Nice,1.7,4.43,1xBet,2025-05-17T19:00:00Z
Ligue 1,Brest,5.3,Nice,1.69,4.2,Suprabets,2025-05-17T19:00:00Z
Ligue 1,Brest,4.7,Nice,1.62,4.2,Tipico,2025-05-17T19:00:00Z
Ligue 1,Brest,4.6,Nice,1.65,4.2,Nordic Bet,2025-05-17T19:00:00Z
Ligue 1,Brest,4.65,Nice,1.65,4.25,Betsson,2025-05-17T19:00:00Z
Ligue 1,Brest,5.6,Nice,1.51,3.15,Betfair,2025-05-17T19:00:00Z
Ligue 1,Brest,4.75,Nice,1.6,3.75,Everygame,2025-05-17T19:00:00Z
Ligue 1,Brest,4.8,Nice,1.65,4.3,Marathon Bet,2025-05-17T19:00:00Z
Ligue 1,Brest,5.25,Nice,1.65,4.3,Coolbet,2025-05-17T19:00:00Z
Ligue 1,Le Havre,6.59,Strasbourg,1.57,4.43,1xBet,2025-05-17T19:00:00Z
Ligue 1,Le Havre,6.2,Strasbourg,1.57,4.4,Suprabets,2025-05-17T19:00:00Z
Ligue 1,Le Havre,5.5,Strasbourg,1.5,4.5,Tipico,2025-05-17T19:00:00Z
Ligue 1,Le Havre,5.85,Strasbourg,1.52,4.4,Nordic Bet,2025-05-17T19:00:00Z
Ligue 1,Le Havre,5.9,Strasbourg,1.52,4.45,Betsson,2025-05-17T19:00:00Z
Ligue 1,Le Havre,5.5,Strasbourg,1.5,4.0,Everygame,2025-05-17T19:00:00Z
Ligue 1,Le Havre,6.4,Strasbourg,1.52,4.3,Marathon Bet,2025-05-17T19:00:00Z
Ligue 1,Le Havre,6.5,Strasbourg,1.53,4.5,Coolbet,2025-05-17T19:00:00Z
Ligue 1,Le Havre,5.15,Strasbourg,1.44,3.97,Betclic,2025-05-17T19:00:00Z
Ligue 1,Lille,1.37,Stade de Reims,6.25,3.85,Winamax (FR),2025-05-17T19:00:00Z
Ligue 1,Lille,1.43,Stade de Reims,7.0,4.2,Winamax (DE),2025-05-17T19:00:00Z
Ligue 1,Lille,1.49,Stade de Reims,8.2,4.54,1xBet,2025-05-17T19:00:00Z
Ligue 1,Lille,1.47,Stade de Reims,7.5,4.8,Suprabets,2025-05-17T19:00:00Z
Ligue 1,Lille,1.4,Stade de Reims,7.2,4.6,Tipico,2025-05-17T19:00:00Z
Ligue 1,Lille,1.43,Stade de Reims,7.8,4.4,Betsson,2025-05-17T19:00:00Z
Ligue 1,Lille,1.43,Stade de Reims,7.7,4.4,Nordic Bet,2025-05-17T19:00:00Z
Ligue 1,Lille,1.4,Stade de Reims,6.5,4.33,Everygame,2025-05-17T19:00:00Z
Ligue 1,Lille,1.44,Stade de Reims,8.0,4.4,Marathon Bet,2025-05-17T19:00:00Z
Ligue 1,Lille,1.44,Stade de Reims,8.75,4.5,Coolbet,2025-05-17T19:00:00Z
Ligue 1,Lille,1.36,Stade de Reims,6.55,3.95,Betclic,2025-05-17T19:00:00Z
Ligue 1,Marseille,1.5,Rennes,4.5,3.95,Winamax (FR),2025-05-17T19:00:00Z
Ligue 1,Marseille,1.56,Rennes,4.9,4.3,Winamax (DE),2025-05-17T19:00:00Z
Ligue 1,Marseille,1.67,Rennes,5.1,4.54,1xBet,2025-05-17T19:00:00Z
Ligue 1,Marseille,1.6,Rennes,5.5,4.6,Suprabets,2025-05-17T19:00:00Z
Ligue 1,Marseille,1.52,Rennes,5.2,4.5,Tipico,2025-05-17T19:00:00Z
Ligue 1,Marseille,1.6,Rennes,4.95,4.45,Betsson,2025-05-17T19:00:00Z
Ligue 1,Marseille,1.58,Rennes,4.95,4.45,Nordic Bet,2025-05-17T19:00:00Z
Ligue 1,Marseille,1.53,Rennes,5.0,4.2,Everygame,2025-05-17T19:00:00Z
Ligue 1,Marseille,1.59,Rennes,2.94,2.08,Betfair,2025-05-17T19:00:00Z
Ligue 1,Marseille,1.62,Rennes,4.95,4.4,Marathon Bet,2025-05-17T19:00:00Z
Ligue 1,Marseille,1.6,Rennes,5.25,4.75,Coolbet,2025-05-17T19:00:00Z
Ligue 1,Montpellier,5.41,Nantes,1.66,4.38,1xBet,2025-05-17T19:00:00Z
Ligue 1,Montpellier,5.3,Nantes,1.62,4.6,Suprabets,2025-05-17T19:00:00Z
Ligue 1,Montpellier,4.9,Nantes,1.55,4.5,Tipico,2025-05-17T19:00:00Z
Ligue 1,Montpellier,4.95,Nantes,1.58,4.45,Nordic Bet,2025-05-17T19:00:00Z
Ligue 1,Montpellier,4.95,Nantes,1.6,4.45,Betsson,2025-05-17T19:00:00Z
Ligue 1,Montpellier,4.75,Nantes,1.55,4.2,Everygame,2025-05-17T19:00:00Z
Ligue 1,Montpellier,5.25,Nantes,1.61,4.25,Marathon Bet,2025-05-17T19:00:00Z
Ligue 1,Montpellier,5.25,Nantes,1.58,4.75,Coolbet,2025-05-17T19:00:00Z
Ligue 1,Montpellier,4.33,Nantes,1.55,3.78,Betclic,2025-05-17T19:00:00Z
Ligue 1,Saint Etienne,2.78,Toulouse,2.4,4.17,1xBet,2025-05-17T19:00:00Z
Ligue 1,Saint Etienne,2.75,Toulouse,2.3,3.7,Tipico,2025-05-17T19:00:00Z
Ligue 1,Saint Etienne,2.73,Toulouse,2.31,4.05,Marathon Bet,2025-05-17T19:00:00Z
Ligue 1,Saint Etienne,2.85,Toulouse,2.5,3.6,Coolbet,2025-05-17T19:00:00Z
Ligue 1,Saint Etienne,2.34,Toulouse,2.92,2.5,Betfair,2025-05-17T19:00:00Z
